,pid,memory_info,name,memory_utilization
0,0,"pmem(rss=8192, vms=61440, num_page_faults=9, peak_wset=12288, wset=8192, peak_paged_pool=0, paged_pool=0, peak_nonpaged_pool=272, nonpaged_pool=272, pagefile=61440, peak_pagefile=61440, private=61440)",System Idle Process,0.0078125
1,4,"pmem(rss=4034560, vms=225280, num_page_faults=103383, peak_wset=44335104, wset=4034560, peak_paged_pool=0, paged_pool=0, peak_nonpaged_pool=272, nonpaged_pool=272, pagefile=225280, peak_pagefile=286720, private=225280)",System,3.84765625
2,124,"pmem(rss=44523520, vms=14827520, num_page_faults=790781, peak_wset=521588736, wset=44523520, peak_paged_pool=1275104, paged_pool=397344, peak_nonpaged_pool=61064, nonpaged_pool=18224, pagefile=14827520, peak_pagefile=174379008, private=14827520)",Registry,42.4609375
3,644,"pmem(rss=274432, vms=1093632, num_page_faults=1004, peak_wset=1331200, wset=274432, peak_paged_pool=24000, paged_pool=13256, peak_nonpaged_pool=5808, nonpaged_pool=3632, pagefile=1093632, peak_pagefile=1163264, private=1093632)",smss.exe,0.26171875
4,692,"pmem(rss=35594240, vms=33890304, num_page_faults=5264917, peak_wset=46731264, wset=35594240, peak_paged_pool=1063096, paged_pool=1045072, peak_nonpaged_pool=59304, nonpaged_pool=55784, pagefile=33890304, peak_pagefile=35930112, private=33890304)",svchost.exe,33.9453125
5,736,"pmem(rss=2863104, vms=2670592, num_page_faults=14527, peak_wset=6844416, wset=2863104, peak_paged_pool=310392, paged_pool=283352, peak_nonpaged_pool=30704, nonpaged_pool=27528, pagefile=2670592, peak_pagefile=3145728, private=2670592)",csrss.exe,2.73046875
6,848,"pmem(rss=3919872, vms=3850240, num_page_faults=666762, peak_wset=41910272, wset=3919872, peak_paged_pool=446704, paged_pool=268304, peak_nonpaged_pool=38784, nonpaged_pool=29048, pagefile=3850240, peak_pagefile=35282944, private=3850240)",csrss.exe,3.73828125
7,856,"pmem(rss=13414400, vms=8814592, num_page_faults=78206, peak_wset=21725184, wset=13414400, peak_paged_pool=200376, paged_pool=193840, peak_nonpaged_pool=43672, nonpaged_pool=34272, pagefile=8814592, peak_pagefile=10379264, private=8814592)",taskhostw.exe,12.79296875
8,872,"pmem(rss=1347584, vms=1523712, num_page_faults=2238, peak_wset=7626752, wset=1347584, peak_paged_pool=90608, paged_pool=77224, peak_nonpaged_pool=13600, nonpaged_pool=11240, pagefile=1523712, peak_pagefile=2084864, private=1523712)",wininit.exe,1.28515625
9,916,"pmem(rss=5869568, vms=2801664, num_page_faults=93604, peak_wset=48439296, wset=5869568, peak_paged_pool=221600, paged_pool=154832, peak_nonpaged_pool=14392, nonpaged_pool=12752, pagefile=2801664, peak_pagefile=3960832, private=2801664)",winlogon.exe,5.59765625
10,988,"pmem(rss=9125888, vms=8089600, num_page_faults=886644, peak_wset=12468224, wset=9125888, peak_paged_pool=199296, paged_pool=166744, peak_nonpaged_pool=20744, nonpaged_pool=14648, pagefile=8089600, peak_pagefile=8384512, private=8089600)",services.exe,8.703125
11,996,"pmem(rss=20860928, vms=17620992, num_page_faults=131753, peak_wset=26554368, wset=20860928, peak_paged_pool=188600, paged_pool=187944, peak_nonpaged_pool=45976, nonpaged_pool=39888, pagefile=17620992, peak_pagefile=18669568, private=17620992)",lsass.exe,19.89453125
12,1040,"pmem(rss=409600, vms=1433600, num_page_faults=1241, peak_wset=4329472, wset=409600, peak_paged_pool=39264, paged_pool=38992, peak_nonpaged_pool=6400, nonpaged_pool=5840, pagefile=1433600, peak_pagefile=1519616, private=1433600)",fontdrvhost.exe,0.390625
13,1048,"pmem(rss=3514368, vms=3751936, num_page_faults=9607, peak_wset=21667840, wset=3514368, peak_paged_pool=636200, paged_pool=240288, peak_nonpaged_pool=23944, nonpaged_pool=8832, pagefile=3751936, peak_pagefile=11079680, private=3751936)",fontdrvhost.exe,3.3515625
14,1108,"pmem(rss=2359296, vms=1572864, num_page_faults=2157, peak_wset=6778880, wset=2359296, peak_paged_pool=68240, paged_pool=66432, peak_nonpaged_pool=9224, nonpaged_pool=8816, pagefile=1572864, peak_pagefile=1638400, private=1572864)",WUDFHost.exe,2.25
15,1184,"pmem(rss=18796544, vms=16560128, num_page_faults=713897, peak_wset=23166976, wset=18796544, peak_paged_pool=359592, paged_pool=230864, peak_nonpaged_pool=28992, nonpaged_pool=21760, pagefile=16560128, peak_pagefile=16826368, private=16560128)",svchost.exe,17.92578125
16,1232,"pmem(rss=4501504, vms=3104768, num_page_faults=106239, peak_wset=9228288, wset=4501504, peak_paged_pool=124896, paged_pool=120496, peak_nonpaged_pool=11392, nonpaged_pool=11144, pagefile=3104768, peak_pagefile=3244032, private=3104768)",svchost.exe,4.29296875
17,1300,"pmem(rss=240152576, vms=273969152, num_page_faults=4564979, peak_wset=338759680, wset=240152576, peak_paged_pool=1124376, paged_pool=1051640, peak_nonpaged_pool=103864, nonpaged_pool=69608, pagefile=273969152, peak_pagefile=442281984, private=273969152)",dwm.exe,229.02734375
18,1440,"pmem(rss=1949696, vms=1654784, num_page_faults=2012, peak_wset=6541312, wset=1949696, peak_paged_pool=60424, paged_pool=60152, peak_nonpaged_pool=7880, nonpaged_pool=7336, pagefile=1654784, peak_pagefile=1654784, private=1654784)",svchost.exe,1.859375
19,1460,"pmem(rss=3198976, vms=2211840, num_page_faults=3072, peak_wset=9510912, wset=3198976, peak_paged_pool=85632, paged_pool=84800, peak_nonpaged_pool=40368, nonpaged_pool=38176, pagefile=2211840, peak_pagefile=2695168, private=2211840)",svchost.exe,3.05078125
20,1468,"pmem(rss=4788224, vms=2297856, num_page_faults=5072, peak_wset=12652544, wset=4788224, peak_paged_pool=92944, paged_pool=92672, peak_nonpaged_pool=29840, nonpaged_pool=29160, pagefile=2297856, peak_pagefile=2674688, private=2297856)",svchost.exe,4.56640625
21,1476,"pmem(rss=7282688, vms=3526656, num_page_faults=13642, peak_wset=13893632, wset=7282688, peak_paged_pool=108944, paged_pool=107216, peak_nonpaged_pool=26824, nonpaged_pool=23936, pagefile=3526656, peak_pagefile=3809280, private=3526656)",svchost.exe,6.9453125
22,1636,"pmem(rss=5799936, vms=2838528, num_page_faults=5179, peak_wset=11124736, wset=5799936, peak_paged_pool=104728, paged_pool=101592, peak_nonpaged_pool=17136, nonpaged_pool=13592, pagefile=2838528, peak_pagefile=3072000, private=2838528)",svchost.exe,5.53125
23,1644,"pmem(rss=5185536, vms=2535424, num_page_faults=7315, peak_wset=12759040, wset=5185536, peak_paged_pool=139888, paged_pool=139264, peak_nonpaged_pool=10056, nonpaged_pool=9648, pagefile=2535424, peak_pagefile=2633728, private=2535424)",svchost.exe,4.9453125
24,1688,"pmem(rss=12271616, vms=12238848, num_page_faults=27434, peak_wset=56389632, wset=12271616, peak_paged_pool=577648, paged_pool=478328, peak_nonpaged_pool=32840, nonpaged_pool=27744, pagefile=12238848, peak_pagefile=15237120, private=12238848)",prevhost.exe,11.703125
25,1704,"pmem(rss=11534336, vms=8585216, num_page_faults=45877, peak_wset=17694720, wset=11534336, peak_paged_pool=348504, paged_pool=292960, peak_nonpaged_pool=24744, nonpaged_pool=19896, pagefile=8585216, peak_pagefile=8728576, private=8585216)",svchost.exe,11.0
26,1724,"pmem(rss=22691840, vms=10092544, num_page_faults=64182, peak_wset=42127360, wset=22691840, peak_paged_pool=624728, paged_pool=302752, peak_nonpaged_pool=33184, nonpaged_pool=25120, pagefile=10092544, peak_pagefile=13058048, private=10092544)",RuntimeBroker.exe,21.640625
27,1780,"pmem(rss=3235840, vms=2981888, num_page_faults=3356, peak_wset=9613312, wset=3235840, peak_paged_pool=92864, paged_pool=86240, peak_nonpaged_pool=13760, nonpaged_pool=11936, pagefile=2981888, peak_pagefile=3379200, private=2981888)",svchost.exe,3.0859375
28,1788,"pmem(rss=2625536, vms=1675264, num_page_faults=2302, peak_wset=6860800, wset=2625536, peak_paged_pool=74536, paged_pool=74264, peak_nonpaged_pool=12280, nonpaged_pool=10440, pagefile=1675264, peak_pagefile=1814528, private=1675264)",svchost.exe,2.50390625
29,1828,"pmem(rss=6074368, vms=8019968, num_page_faults=6867, peak_wset=20258816, wset=6074368, peak_paged_pool=164840, paged_pool=159912, peak_nonpaged_pool=15096, nonpaged_pool=14136, pagefile=8019968, peak_pagefile=8417280, private=8019968)",svchost.exe,5.79296875
30,1836,"pmem(rss=4120576, vms=2023424, num_page_faults=3469, peak_wset=8470528, wset=4120576, peak_paged_pool=76768, paged_pool=76496, peak_nonpaged_pool=10656, nonpaged_pool=10464, pagefile=2023424, peak_pagefile=2076672, private=2023424)",svchost.exe,3.9296875
31,1888,"pmem(rss=6119424, vms=3076096, num_page_faults=25129, peak_wset=10555392, wset=6119424, peak_paged_pool=99064, paged_pool=98952, peak_nonpaged_pool=11712, nonpaged_pool=10736, pagefile=3076096, peak_pagefile=3203072, private=3076096)",svchost.exe,5.8359375
32,1924,"pmem(rss=2293760, vms=2109440, num_page_faults=3062, peak_wset=9969664, wset=2293760, peak_paged_pool=103176, paged_pool=102904, peak_nonpaged_pool=11824, nonpaged_pool=11144, pagefile=2109440, peak_pagefile=2326528, private=2109440)",svchost.exe,2.1875
33,1936,"pmem(rss=16089088, vms=18317312, num_page_faults=238014, peak_wset=25235456, wset=16089088, peak_paged_pool=166600, paged_pool=86592, peak_nonpaged_pool=16520, nonpaged_pool=15840, pagefile=18317312, peak_pagefile=21213184, private=18317312)",svchost.exe,15.34375
34,1956,"pmem(rss=6070272, vms=9830400, num_page_faults=5879, peak_wset=15106048, wset=6070272, peak_paged_pool=133312, paged_pool=128824, peak_nonpaged_pool=21048, nonpaged_pool=18056, pagefile=9830400, peak_pagefile=10305536, private=9830400)",svchost.exe,5.7890625
35,2232,"pmem(rss=2007040, vms=1642496, num_page_faults=2294, peak_wset=7716864, wset=2007040, peak_paged_pool=65432, paged_pool=65160, peak_nonpaged_pool=9104, nonpaged_pool=8288, pagefile=1642496, peak_pagefile=1839104, private=1642496)",svchost.exe,1.9140625
36,2256,"pmem(rss=8749056, vms=8179712, num_page_faults=13617, peak_wset=11005952, wset=8749056, peak_paged_pool=58288, paged_pool=58016, peak_nonpaged_pool=46768, nonpaged_pool=34024, pagefile=8179712, peak_pagefile=8601600, private=8179712)",svchost.exe,8.34375
37,2264,"pmem(rss=15024128, vms=6488064, num_page_faults=18792, peak_wset=23547904, wset=15024128, peak_paged_pool=183168, paged_pool=182720, peak_nonpaged_pool=29744, nonpaged_pool=26904, pagefile=6488064, peak_pagefile=6664192, private=6488064)",svchost.exe,14.328125
38,2332,"pmem(rss=4812800, vms=3592192, num_page_faults=305617, peak_wset=8622080, wset=4812800, peak_paged_pool=81128, paged_pool=80312, peak_nonpaged_pool=30176, nonpaged_pool=11712, pagefile=3592192, peak_pagefile=3997696, private=3592192)",svchost.exe,4.58984375
39,2340,"pmem(rss=9318400, vms=4755456, num_page_faults=10849, peak_wset=13099008, wset=9318400, peak_paged_pool=106696, paged_pool=103576, peak_nonpaged_pool=19056, nonpaged_pool=13912, pagefile=4755456, peak_pagefile=5378048, private=4755456)",svchost.exe,8.88671875
40,2368,"pmem(rss=3264512, vms=3522560, num_page_faults=3366, peak_wset=10817536, wset=3264512, peak_paged_pool=149944, paged_pool=149672, peak_nonpaged_pool=14336, nonpaged_pool=12544, pagefile=3522560, peak_pagefile=3629056, private=3522560)",SynTPEnhService.exe,3.11328125
41,2436,"pmem(rss=15323136, vms=7413760, num_page_faults=14919, peak_wset=17055744, wset=15323136, peak_paged_pool=134128, paged_pool=123376, peak_nonpaged_pool=43064, nonpaged_pool=22104, pagefile=7413760, peak_pagefile=8085504, private=7413760)",dasHost.exe,14.61328125
42,2484,"pmem(rss=10297344, vms=6266880, num_page_faults=12127, peak_wset=13852672, wset=10297344, peak_paged_pool=116304, paged_pool=110704, peak_nonpaged_pool=22784, nonpaged_pool=18624, pagefile=6266880, peak_pagefile=7229440, private=6266880)",svchost.exe,9.8203125
43,2492,"pmem(rss=3153920, vms=2613248, num_page_faults=3785, peak_wset=12505088, wset=3153920, peak_paged_pool=120432, paged_pool=118528, peak_nonpaged_pool=13456, nonpaged_pool=12640, pagefile=2613248, peak_pagefile=2859008, private=2613248)",svchost.exe,3.0078125
44,2572,"pmem(rss=9801728, vms=20840448, num_page_faults=14435, peak_wset=45838336, wset=9801728, peak_paged_pool=581080, paged_pool=572448, peak_nonpaged_pool=17896, nonpaged_pool=16360, pagefile=20840448, peak_pagefile=21032960, private=20840448)",chrome.exe,9.34765625
45,2580,"pmem(rss=1589248, vms=1376256, num_page_faults=7831, peak_wset=6250496, wset=1589248, peak_paged_pool=75472, paged_pool=73872, peak_nonpaged_pool=7880, nonpaged_pool=7472, pagefile=1376256, peak_pagefile=1474560, private=1376256)",svchost.exe,1.515625
46,2588,"pmem(rss=6459392, vms=3280896, num_page_faults=2030095, peak_wset=21557248, wset=6459392, peak_paged_pool=130456, paged_pool=109024, peak_nonpaged_pool=13992, nonpaged_pool=12704, pagefile=3280896, peak_pagefile=9932800, private=3280896)",svchost.exe,6.16015625
47,2596,"pmem(rss=4489216, vms=2117632, num_page_faults=4011, peak_wset=8314880, wset=4489216, peak_paged_pool=74312, paged_pool=74040, peak_nonpaged_pool=9976, nonpaged_pool=9296, pagefile=2117632, peak_pagefile=2347008, private=2117632)",svchost.exe,4.28125
48,2676,"pmem(rss=7991296, vms=5607424, num_page_faults=4619381, peak_wset=11821056, wset=7991296, peak_paged_pool=115360, paged_pool=115136, peak_nonpaged_pool=22320, nonpaged_pool=17344, pagefile=5607424, peak_pagefile=6000640, private=5607424)",svchost.exe,7.62109375
49,2732,"pmem(rss=5808128, vms=2408448, num_page_faults=5768, peak_wset=10301440, wset=5808128, peak_paged_pool=90616, paged_pool=88616, peak_nonpaged_pool=16368, nonpaged_pool=15048, pagefile=2408448, peak_pagefile=2781184, private=2408448)",svchost.exe,5.5390625
50,2744,"pmem(rss=285679616, vms=1380352, num_page_faults=517733, peak_wset=1419403264, wset=285679616, peak_paged_pool=4224, paged_pool=4224, peak_nonpaged_pool=0, nonpaged_pool=0, pagefile=1380352, peak_pagefile=2969600, private=1380352)",MemCompression,272.4453125
51,2804,"pmem(rss=3903488, vms=2789376, num_page_faults=4276, peak_wset=9715712, wset=3903488, peak_paged_pool=101248, paged_pool=99136, peak_nonpaged_pool=16848, nonpaged_pool=10248, pagefile=2789376, peak_pagefile=3178496, private=2789376)",svchost.exe,3.72265625
52,2812,"pmem(rss=4313088, vms=2482176, num_page_faults=40230, peak_wset=14852096, wset=4313088, peak_paged_pool=486240, paged_pool=127312, peak_nonpaged_pool=14936, nonpaged_pool=11128, pagefile=2482176, peak_pagefile=6725632, private=2482176)",svchost.exe,4.11328125
53,2832,"pmem(rss=2871296, vms=2760704, num_page_faults=5250, peak_wset=18247680, wset=2871296, peak_paged_pool=206648, paged_pool=163688, peak_nonpaged_pool=16040, nonpaged_pool=13320, pagefile=2760704, peak_pagefile=3596288, private=2760704)",RuntimeBroker.exe,2.73828125
54,2840,"pmem(rss=2969600, vms=2199552, num_page_faults=2943, peak_wset=9355264, wset=2969600, peak_paged_pool=86768, paged_pool=86272, peak_nonpaged_pool=13552, nonpaged_pool=10584, pagefile=2199552, peak_pagefile=2306048, private=2199552)",WUDFHost.exe,2.83203125
55,3040,"pmem(rss=4681728, vms=2617344, num_page_faults=5777, peak_wset=8941568, wset=4681728, peak_paged_pool=89096, paged_pool=88264, peak_nonpaged_pool=33112, nonpaged_pool=15432, pagefile=2617344, peak_pagefile=4124672, private=2617344)",svchost.exe,4.46484375
56,3280,"pmem(rss=5324800, vms=1871872, num_page_faults=3789, peak_wset=7991296, wset=5324800, peak_paged_pool=67776, paged_pool=66712, peak_nonpaged_pool=9504, nonpaged_pool=8424, pagefile=1871872, peak_pagefile=1957888, private=1871872)",dasHost.exe,5.078125
57,3324,"pmem(rss=8953856, vms=4055040, num_page_faults=12448, peak_wset=19734528, wset=8953856, peak_paged_pool=141680, paged_pool=141056, peak_nonpaged_pool=16360, nonpaged_pool=14256, pagefile=4055040, peak_pagefile=4595712, private=4055040)",svchost.exe,8.5390625
58,3416,"pmem(rss=11554816, vms=4014080, num_page_faults=3269, peak_wset=11583488, wset=11554816, peak_paged_pool=81192, paged_pool=80088, peak_nonpaged_pool=10392, nonpaged_pool=9376, pagefile=4014080, peak_pagefile=4227072, private=4014080)",svchost.exe,11.01953125
59,3460,"pmem(rss=20733952, vms=14454784, num_page_faults=646083, peak_wset=27430912, wset=20733952, peak_paged_pool=84544, paged_pool=82104, peak_nonpaged_pool=11824, nonpaged_pool=11008, pagefile=14454784, peak_pagefile=18989056, private=14454784)",svchost.exe,19.7734375
60,3468,"pmem(rss=6201344, vms=4882432, num_page_faults=458967, peak_wset=11100160, wset=6201344, peak_paged_pool=93424, paged_pool=89200, peak_nonpaged_pool=28068, nonpaged_pool=16848, pagefile=4882432, peak_pagefile=5824512, private=4882432)",svchost.exe,5.9140625
61,3476,"pmem(rss=3395584, vms=2121728, num_page_faults=11999, peak_wset=7340032, wset=3395584, peak_paged_pool=66752, paged_pool=66480, peak_nonpaged_pool=18080, nonpaged_pool=15496, pagefile=2121728, peak_pagefile=2379776, private=2121728)",svchost.exe,3.23828125
62,3484,"pmem(rss=6066176, vms=3887104, num_page_faults=155717, peak_wset=11304960, wset=6066176, peak_paged_pool=105272, paged_pool=104776, peak_nonpaged_pool=23480, nonpaged_pool=20536, pagefile=3887104, peak_pagefile=3969024, private=3887104)",svchost.exe,5.78515625
63,3576,"pmem(rss=7909376, vms=1585152, num_page_faults=2031, peak_wset=7917568, wset=7909376, peak_paged_pool=112472, paged_pool=111976, peak_nonpaged_pool=10056, nonpaged_pool=9512, pagefile=1585152, peak_pagefile=1798144, private=1585152)",taskhostw.exe,7.54296875
64,3680,"pmem(rss=4374528, vms=2703360, num_page_faults=287805, peak_wset=8585216, wset=4374528, peak_paged_pool=77416, paged_pool=76672, peak_nonpaged_pool=15360, nonpaged_pool=10360, pagefile=2703360, peak_pagefile=3092480, private=2703360)",svchost.exe,4.171875
65,3748,"pmem(rss=16183296, vms=13291520, num_page_faults=4355817, peak_wset=25571328, wset=16183296, peak_paged_pool=187584, paged_pool=181112, peak_nonpaged_pool=30552, nonpaged_pool=26824, pagefile=13291520, peak_pagefile=14262272, private=13291520)",svchost.exe,15.43359375
66,3756,"pmem(rss=13553664, vms=23728128, num_page_faults=24070, peak_wset=55332864, wset=13553664, peak_paged_pool=552104, paged_pool=541472, peak_nonpaged_pool=28240, nonpaged_pool=25928, pagefile=23728128, peak_pagefile=23826432, private=23728128)",TextInputHost.exe,12.92578125
67,3772,"pmem(rss=289755136, vms=227131392, num_page_faults=1218446, peak_wset=406355968, wset=289755136, peak_paged_pool=913536, paged_pool=834600, peak_nonpaged_pool=38008, nonpaged_pool=24656, pagefile=227131392, peak_pagefile=332394496, private=227131392)",chrome.exe,276.33203125
68,3808,"pmem(rss=8339456, vms=3346432, num_page_faults=6086, peak_wset=14065664, wset=8339456, peak_paged_pool=125720, paged_pool=125448, peak_nonpaged_pool=17360, nonpaged_pool=15192, pagefile=3346432, peak_pagefile=3457024, private=3346432)",svchost.exe,7.953125
69,3900,"pmem(rss=14200832, vms=7680000, num_page_faults=38570, peak_wset=19361792, wset=14200832, peak_paged_pool=206632, paged_pool=175568, peak_nonpaged_pool=38032, nonpaged_pool=28312, pagefile=7680000, peak_pagefile=9019392, private=7680000)",spoolsv.exe,13.54296875
70,3952,"pmem(rss=16175104, vms=12840960, num_page_faults=87537, peak_wset=25477120, wset=16175104, peak_paged_pool=152824, paged_pool=150744, peak_nonpaged_pool=37872, nonpaged_pool=33536, pagefile=12840960, peak_pagefile=15618048, private=12840960)",svchost.exe,15.42578125
71,4004,"pmem(rss=3276800, vms=2277376, num_page_faults=7460, peak_wset=8830976, wset=3276800, peak_paged_pool=93072, paged_pool=84432, peak_nonpaged_pool=15304, nonpaged_pool=11088, pagefile=2277376, peak_pagefile=2461696, private=2277376)",svchost.exe,3.125
72,4072,"pmem(rss=12656640, vms=14401536, num_page_faults=1705113, peak_wset=35225600, wset=12656640, peak_paged_pool=331952, paged_pool=330416, peak_nonpaged_pool=31536, nonpaged_pool=31080, pagefile=14401536, peak_pagefile=14901248, private=14401536)",SynTPEnh.exe,12.0703125
73,4076,"pmem(rss=4780032, vms=2400256, num_page_faults=4926, peak_wset=9269248, wset=4780032, peak_paged_pool=87648, paged_pool=87424, peak_nonpaged_pool=14256, nonpaged_pool=11392, pagefile=2400256, peak_pagefile=2748416, private=2400256)",svchost.exe,4.55859375
74,4088,"pmem(rss=11595776, vms=12034048, num_page_faults=369058, peak_wset=66588672, wset=11595776, peak_paged_pool=569920, paged_pool=569648, peak_nonpaged_pool=85936, nonpaged_pool=13728, pagefile=12034048, peak_pagefile=60055552, private=12034048)",chrome.exe,11.05859375
75,4120,"pmem(rss=6885376, vms=6213632, num_page_faults=17619, peak_wset=13905920, wset=6885376, peak_paged_pool=118240, paged_pool=117888, peak_nonpaged_pool=42288, nonpaged_pool=12464, pagefile=6213632, peak_pagefile=6623232, private=6213632)",NisSrv.exe,6.56640625
76,4148,"pmem(rss=42704896, vms=32661504, num_page_faults=586668, peak_wset=117649408, wset=42704896, peak_paged_pool=1197448, paged_pool=192720, peak_nonpaged_pool=909992, nonpaged_pool=26504, pagefile=32661504, peak_pagefile=70144000, private=32661504)",svchost.exe,40.7265625
77,4156,"pmem(rss=15994880, vms=11239424, num_page_faults=301503, peak_wset=78036992, wset=15994880, peak_paged_pool=524680, paged_pool=141816, peak_nonpaged_pool=445200, nonpaged_pool=29480, pagefile=11239424, peak_pagefile=66568192, private=11239424)",svchost.exe,15.25390625
78,4172,"pmem(rss=970752, vms=1658880, num_page_faults=1963, peak_wset=7282688, wset=970752, peak_paged_pool=71992, paged_pool=71104, peak_nonpaged_pool=10320, nonpaged_pool=9248, pagefile=1658880, peak_pagefile=1933312, private=1658880)",svchost.exe,0.92578125
79,4180,"pmem(rss=3424256, vms=2961408, num_page_faults=5934, peak_wset=8802304, wset=3424256, peak_paged_pool=89848, paged_pool=89576, peak_nonpaged_pool=16976, nonpaged_pool=14136, pagefile=2961408, peak_pagefile=3272704, private=2961408)",svchost.exe,3.265625
80,4188,"pmem(rss=16248832, vms=5799936, num_page_faults=16859, peak_wset=23388160, wset=16248832, peak_paged_pool=193728, paged_pool=186752, peak_nonpaged_pool=25456, nonpaged_pool=22736, pagefile=5799936, peak_pagefile=6107136, private=5799936)",svchost.exe,15.49609375
81,4196,"pmem(rss=14827520, vms=10862592, num_page_faults=309659, peak_wset=44421120, wset=14827520, peak_paged_pool=118520, paged_pool=114640, peak_nonpaged_pool=21544, nonpaged_pool=18552, pagefile=10862592, peak_pagefile=37363712, private=10862592)",svchost.exe,14.140625
82,4204,"pmem(rss=1921024, vms=1384448, num_page_faults=1890, peak_wset=6094848, wset=1921024, peak_paged_pool=62744, paged_pool=60592, peak_nonpaged_pool=11624, nonpaged_pool=10072, pagefile=1384448, peak_pagefile=1490944, private=1384448)",svchost.exe,1.83203125
83,4212,"pmem(rss=25542656, vms=22114304, num_page_faults=10846093, peak_wset=199802880, wset=25542656, peak_paged_pool=287136, paged_pool=149416, peak_nonpaged_pool=71232, nonpaged_pool=28312, pagefile=22114304, peak_pagefile=227295232, private=22114304)",svchost.exe,24.359375
84,4228,"pmem(rss=3604480, vms=1761280, num_page_faults=2782, peak_wset=7839744, wset=3604480, peak_paged_pool=78664, paged_pool=78168, peak_nonpaged_pool=9376, nonpaged_pool=8832, pagefile=1761280, peak_pagefile=1912832, private=1761280)",svchost.exe,3.4375
85,4252,"pmem(rss=3538944, vms=2506752, num_page_faults=5239, peak_wset=8957952, wset=3538944, peak_paged_pool=121992, paged_pool=120392, peak_nonpaged_pool=9720, nonpaged_pool=9240, pagefile=2506752, peak_pagefile=2609152, private=2506752)",AdminService.exe,3.375
86,4288,"pmem(rss=2158592, vms=1466368, num_page_faults=1920, peak_wset=5931008, wset=2158592, peak_paged_pool=64784, paged_pool=64512, peak_nonpaged_pool=7872, nonpaged_pool=7600, pagefile=1466368, peak_pagefile=1474560, private=1466368)",QcomWlanSrvx64.exe,2.05859375
87,4304,"pmem(rss=10424320, vms=4448256, num_page_faults=20235, peak_wset=14655488, wset=10424320, peak_paged_pool=135824, paged_pool=120120, peak_nonpaged_pool=18832, nonpaged_pool=14040, pagefile=4448256, peak_pagefile=5558272, private=4448256)",HPPrintScanDoctorService.exe,9.94140625
88,4316,"pmem(rss=589824, vms=1654784, num_page_faults=1882, peak_wset=6635520, wset=589824, peak_paged_pool=74344, paged_pool=74072, peak_nonpaged_pool=10184, nonpaged_pool=8688, pagefile=1654784, peak_pagefile=2064384, private=1654784)",armsvc.exe,0.5625
89,4332,"pmem(rss=4501504, vms=3338240, num_page_faults=405125337, peak_wset=40837120, wset=4501504, peak_paged_pool=89952, paged_pool=88352, peak_nonpaged_pool=11928, nonpaged_pool=10304, pagefile=3338240, peak_pagefile=33218560, private=3338240)",KillerAnalyticsService.exe,4.29296875
90,4340,"pmem(rss=2007040, vms=2314240, num_page_faults=2590, peak_wset=8613888, wset=2007040, peak_paged_pool=85520, paged_pool=84896, peak_nonpaged_pool=10776, nonpaged_pool=9848, pagefile=2314240, peak_pagefile=3248128, private=2314240)",sqlwriter.exe,1.9140625
91,4356,"pmem(rss=2695168, vms=2400256, num_page_faults=37368, peak_wset=11051008, wset=2695168, peak_paged_pool=109272, paged_pool=105280, peak_nonpaged_pool=16704, nonpaged_pool=11976, pagefile=2400256, peak_pagefile=2682880, private=2400256)",FNPLicensingService64.exe,2.5703125
92,4364,"pmem(rss=2424832, vms=2502656, num_page_faults=253340, peak_wset=12263424, wset=2424832, peak_paged_pool=108648, paged_pool=105456, peak_nonpaged_pool=17240, nonpaged_pool=13880, pagefile=2502656, peak_pagefile=3080192, private=2502656)",NvTelemetryContainer.exe,2.3125
93,4388,"pmem(rss=286191616, vms=349757440, num_page_faults=30331771, peak_wset=829853696, wset=286191616, peak_paged_pool=993192, paged_pool=570072, peak_nonpaged_pool=1088328, nonpaged_pool=102160, pagefile=349757440, peak_pagefile=895918080, private=349757440)",MsMpEng.exe,272.93359375
94,4424,"pmem(rss=3575808, vms=3235840, num_page_faults=3519, peak_wset=10280960, wset=3575808, peak_paged_pool=90464, paged_pool=89968, peak_nonpaged_pool=14656, nonpaged_pool=11256, pagefile=3235840, peak_pagefile=3317760, private=3235840)",LMS.exe,3.41015625
95,4592,"pmem(rss=6627328, vms=4472832, num_page_faults=7799, peak_wset=13041664, wset=6627328, peak_paged_pool=113520, paged_pool=113392, peak_nonpaged_pool=24280, nonpaged_pool=19304, pagefile=4472832, peak_pagefile=4767744, private=4472832)",dllhost.exe,6.3203125
96,4628,"pmem(rss=13586432, vms=28037120, num_page_faults=37848, peak_wset=55455744, wset=13586432, peak_paged_pool=593816, paged_pool=588504, peak_nonpaged_pool=38336, nonpaged_pool=36056, pagefile=28037120, peak_pagefile=28274688, private=28037120)",Video.UI.exe,12.95703125
97,4696,"pmem(rss=1351680, vms=2437120, num_page_faults=2239, peak_wset=8122368, wset=1351680, peak_paged_pool=87192, paged_pool=86920, peak_nonpaged_pool=15040, nonpaged_pool=12928, pagefile=2437120, peak_pagefile=2658304, private=2437120)",svchost.exe,1.2890625
98,4756,"pmem(rss=123183104, vms=173752320, num_page_faults=493268, peak_wset=175353856, wset=123183104, peak_paged_pool=332600, paged_pool=193544, peak_nonpaged_pool=38600, nonpaged_pool=23768, pagefile=173752320, peak_pagefile=175931392, private=173752320)",KillerNetworkService.exe,117.4765625
99,4804,"pmem(rss=1638400, vms=1470464, num_page_faults=8229, peak_wset=5943296, wset=1638400, peak_paged_pool=58232, paged_pool=57960, peak_nonpaged_pool=7920, nonpaged_pool=7608, pagefile=1470464, peak_pagefile=1589248, private=1470464)",svchost.exe,1.5625
100,4936,"pmem(rss=4190208, vms=2621440, num_page_faults=22771, peak_wset=9797632, wset=4190208, peak_paged_pool=92472, paged_pool=89592, peak_nonpaged_pool=13568, nonpaged_pool=12104, pagefile=2621440, peak_pagefile=2732032, private=2621440)",svchost.exe,3.99609375
101,4952,"pmem(rss=6893568, vms=3555328, num_page_faults=6673, peak_wset=11694080, wset=6893568, peak_paged_pool=102416, paged_pool=101888, peak_nonpaged_pool=23904, nonpaged_pool=21144, pagefile=3555328, peak_pagefile=3747840, private=3555328)",svchost.exe,6.57421875
102,4980,"pmem(rss=1810432, vms=2596864, num_page_faults=16964, peak_wset=6889472, wset=1810432, peak_paged_pool=110696, paged_pool=102536, peak_nonpaged_pool=7744, nonpaged_pool=6792, pagefile=2596864, peak_pagefile=6332416, private=2596864)",cmd.exe,1.7265625
103,5112,"pmem(rss=6590464, vms=3977216, num_page_faults=6096, peak_wset=14336000, wset=6590464, peak_paged_pool=134544, paged_pool=134272, peak_nonpaged_pool=29080, nonpaged_pool=27984, pagefile=3977216, peak_pagefile=4280320, private=3977216)",svchost.exe,6.28515625
104,5204,"pmem(rss=2969600, vms=15114240, num_page_faults=5903, peak_wset=17903616, wset=2969600, peak_paged_pool=234624, paged_pool=234128, peak_nonpaged_pool=15472, nonpaged_pool=13808, pagefile=15114240, peak_pagefile=15851520, private=15114240)",xTendUtilityService.exe,2.83203125
105,5372,"pmem(rss=1032192, vms=1396736, num_page_faults=1973, peak_wset=7217152, wset=1032192, peak_paged_pool=86464, paged_pool=85968, peak_nonpaged_pool=9536, nonpaged_pool=8736, pagefile=1396736, peak_pagefile=1536000, private=1396736)",jhi_service.exe,0.984375
106,5680,"pmem(rss=6021120, vms=2514944, num_page_faults=4235, peak_wset=10997760, wset=6021120, peak_paged_pool=91288, paged_pool=90632, peak_nonpaged_pool=12704, nonpaged_pool=11832, pagefile=2514944, peak_pagefile=2568192, private=2514944)",svchost.exe,5.7421875
107,5788,"pmem(rss=11427840, vms=16744448, num_page_faults=19936, peak_wset=22818816, wset=11427840, peak_paged_pool=117880, paged_pool=107528, peak_nonpaged_pool=16472, nonpaged_pool=13760, pagefile=16744448, peak_pagefile=17137664, private=16744448)",KNDBWM.exe,10.8984375
108,5816,"pmem(rss=856064, vms=1368064, num_page_faults=1914, peak_wset=7266304, wset=856064, peak_paged_pool=68632, paged_pool=68360, peak_nonpaged_pool=8288, nonpaged_pool=7744, pagefile=1368064, peak_pagefile=1581056, private=1368064)",svchost.exe,0.81640625
109,5916,"pmem(rss=897024, vms=1740800, num_page_faults=2369, peak_wset=8523776, wset=897024, peak_paged_pool=79024, paged_pool=76856, peak_nonpaged_pool=10432, nonpaged_pool=9072, pagefile=1740800, peak_pagefile=2002944, private=1740800)",xTendUtility.exe,0.85546875
110,5948,"pmem(rss=1458176, vms=6860800, num_page_faults=3832, peak_wset=14344192, wset=1458176, peak_paged_pool=115856, paged_pool=112784, peak_nonpaged_pool=11264, nonpaged_pool=10048, pagefile=6860800, peak_pagefile=6938624, private=6860800)",conhost.exe,1.390625
111,5976,"pmem(rss=1781760, vms=6860800, num_page_faults=3902, peak_wset=14319616, wset=1781760, peak_paged_pool=115856, paged_pool=112784, peak_nonpaged_pool=11272, nonpaged_pool=10048, pagefile=6860800, peak_pagefile=7450624, private=6860800)",conhost.exe,1.69921875
112,5996,"pmem(rss=3010560, vms=15130624, num_page_faults=5908, peak_wset=18001920, wset=3010560, peak_paged_pool=234624, paged_pool=234128, peak_nonpaged_pool=15472, nonpaged_pool=13808, pagefile=15130624, peak_pagefile=15896576, private=15130624)",KNDBWMService.exe,2.87109375
113,6152,"pmem(rss=3063808, vms=15122432, num_page_faults=5903, peak_wset=17940480, wset=3063808, peak_paged_pool=234624, paged_pool=234128, peak_nonpaged_pool=15472, nonpaged_pool=13808, pagefile=15122432, peak_pagefile=15863808, private=15122432)",KAPSService.exe,2.921875
114,6220,"pmem(rss=13160448, vms=18055168, num_page_faults=33556, peak_wset=32706560, wset=13160448, peak_paged_pool=359456, paged_pool=348176, peak_nonpaged_pool=30352, nonpaged_pool=29336, pagefile=18055168, peak_pagefile=18145280, private=18055168)",SelfServicePlugin.exe,12.55078125
115,6248,"pmem(rss=2465792, vms=1921024, num_page_faults=2807, peak_wset=8593408, wset=2465792, peak_paged_pool=75232, paged_pool=74192, peak_nonpaged_pool=10184, nonpaged_pool=9504, pagefile=1921024, peak_pagefile=2064384, private=1921024)",svchost.exe,2.3515625
116,6312,"pmem(rss=9793536, vms=8597504, num_page_faults=1649530, peak_wset=16642048, wset=9793536, peak_paged_pool=118832, paged_pool=92248, peak_nonpaged_pool=16024, nonpaged_pool=11984, pagefile=8597504, peak_pagefile=8622080, private=8597504)",KAPS.exe,9.33984375
117,6328,"pmem(rss=1757184, vms=6877184, num_page_faults=3920, peak_wset=14327808, wset=1757184, peak_paged_pool=115856, paged_pool=112784, peak_nonpaged_pool=11136, nonpaged_pool=10048, pagefile=6877184, peak_pagefile=7467008, private=6877184)",conhost.exe,1.67578125
118,6804,"pmem(rss=226643968, vms=527630336, num_page_faults=1929696, peak_wset=375087104, wset=226643968, peak_paged_pool=4454104, paged_pool=4453696, peak_nonpaged_pool=57592, nonpaged_pool=56880, pagefile=527630336, peak_pagefile=527630336, private=527630336)",svchost.exe,216.14453125
119,6892,"pmem(rss=9576448, vms=4542464, num_page_faults=630093, peak_wset=24309760, wset=9576448, peak_paged_pool=171816, paged_pool=168008, peak_nonpaged_pool=17176, nonpaged_pool=16632, pagefile=4542464, peak_pagefile=4816896, private=4542464)",svchost.exe,9.1328125
120,7172,"pmem(rss=5427200, vms=3821568, num_page_faults=5834, peak_wset=18247680, wset=5427200, peak_paged_pool=396112, paged_pool=201888, peak_nonpaged_pool=23440, nonpaged_pool=21088, pagefile=3821568, peak_pagefile=4730880, private=3821568)",jucheck.exe,5.17578125
121,7316,"pmem(rss=40312832, vms=26931200, num_page_faults=449697, peak_wset=116080640, wset=40312832, peak_paged_pool=564064, paged_pool=333504, peak_nonpaged_pool=220376, nonpaged_pool=85928, pagefile=26931200, peak_pagefile=96063488, private=26931200)",svchost.exe,38.4453125
122,7400,"pmem(rss=413790208, vms=1897209856, num_page_faults=11442218, peak_wset=867950592, wset=413790208, peak_paged_pool=7406504, paged_pool=1856064, peak_nonpaged_pool=7599744, nonpaged_pool=231696, pagefile=1897209856, peak_pagefile=1973526528, private=1897209856)",explorer.exe,394.62109375
123,7448,"pmem(rss=10604544, vms=5173248, num_page_faults=19381, peak_wset=23666688, wset=10604544, peak_paged_pool=232200, paged_pool=231752, peak_nonpaged_pool=18128, nonpaged_pool=17720, pagefile=5173248, peak_pagefile=5263360, private=5173248)",ctfmon.exe,10.11328125
124,7816,"pmem(rss=24301568, vms=9510912, num_page_faults=39473, peak_wset=32702464, wset=24301568, peak_paged_pool=297672, paged_pool=277600, peak_nonpaged_pool=22512, nonpaged_pool=20576, pagefile=9510912, peak_pagefile=9592832, private=9510912)",sihost.exe,23.17578125
125,7856,"pmem(rss=2519040, vms=2150400, num_page_faults=3708, peak_wset=11014144, wset=2519040, peak_paged_pool=97248, paged_pool=81400, peak_nonpaged_pool=11096, nonpaged_pool=9440, pagefile=2150400, peak_pagefile=2990080, private=2150400)",svchost.exe,2.40234375
126,7888,"pmem(rss=27119616, vms=12111872, num_page_faults=61631, peak_wset=34181120, wset=27119616, peak_paged_pool=233664, paged_pool=228600, peak_nonpaged_pool=25352, nonpaged_pool=21896, pagefile=12111872, peak_pagefile=12214272, private=12111872)",svchost.exe,25.86328125
127,7920,"pmem(rss=16908288, vms=4952064, num_page_faults=58703, peak_wset=26972160, wset=16908288, peak_paged_pool=248176, paged_pool=242656, peak_nonpaged_pool=19704, nonpaged_pool=17672, pagefile=4952064, peak_pagefile=5091328, private=4952064)",svchost.exe,16.125
128,7968,"pmem(rss=27168768, vms=11427840, num_page_faults=164621, peak_wset=42086400, wset=27168768, peak_paged_pool=364672, paged_pool=354888, peak_nonpaged_pool=35088, nonpaged_pool=27840, pagefile=11427840, peak_pagefile=12238848, private=11427840)",svchost.exe,25.91015625
129,7976,"pmem(rss=2867200, vms=3047424, num_page_faults=13911, peak_wset=7004160, wset=2867200, peak_paged_pool=112704, paged_pool=112704, peak_nonpaged_pool=9088, nonpaged_pool=8544, pagefile=3047424, peak_pagefile=3264512, private=3047424)",svchost.exe,2.734375
130,8124,"pmem(rss=18837504, vms=7958528, num_page_faults=540612, peak_wset=24186880, wset=18837504, peak_paged_pool=186232, paged_pool=159200, peak_nonpaged_pool=15360, nonpaged_pool=14000, pagefile=7958528, peak_pagefile=8835072, private=7958528)",svchost.exe,17.96484375
131,8300,"pmem(rss=999424, vms=2256896, num_page_faults=2770, peak_wset=7409664, wset=999424, peak_paged_pool=134168, paged_pool=133752, peak_nonpaged_pool=9960, nonpaged_pool=9824, pagefile=2256896, peak_pagefile=2355200, private=2256896)",SynTPHelper.exe,0.953125
132,8312,"pmem(rss=8237056, vms=5894144, num_page_faults=21810, peak_wset=21901312, wset=8237056, peak_paged_pool=392792, paged_pool=111360, peak_nonpaged_pool=15768, nonpaged_pool=14080, pagefile=5894144, peak_pagefile=20447232, private=5894144)",svchost.exe,7.85546875
133,8536,"pmem(rss=79745024, vms=37961728, num_page_faults=1120991, peak_wset=154906624, wset=79745024, peak_paged_pool=617688, paged_pool=597296, peak_nonpaged_pool=27784, nonpaged_pool=17312, pagefile=37961728, peak_pagefile=121921536, private=37961728)",chrome.exe,76.05078125
134,8816,"pmem(rss=2099875840, vms=2641915904, num_page_faults=12195322, peak_wset=3015512064, wset=2099875840, peak_paged_pool=1338608, paged_pool=906888, peak_nonpaged_pool=185304, nonpaged_pool=100400, pagefile=2641915904, peak_pagefile=5835096064, private=2641915904)",chrome.exe,2002.59765625
135,8828,"pmem(rss=280145920, vms=243441664, num_page_faults=973451, peak_wset=338513920, wset=280145920, peak_paged_pool=1213616, paged_pool=1082512, peak_nonpaged_pool=237208, nonpaged_pool=141960, pagefile=243441664, peak_pagefile=285933568, private=243441664)",SearchApp.exe,267.16796875
136,8888,"pmem(rss=14065664, vms=12455936, num_page_faults=22522, peak_wset=24809472, wset=14065664, peak_paged_pool=185024, paged_pool=180712, peak_nonpaged_pool=1296936, nonpaged_pool=33656, pagefile=12455936, peak_pagefile=15777792, private=12455936)",svchost.exe,13.4140625
137,8980,"pmem(rss=65556480, vms=52133888, num_page_faults=102048, peak_wset=114106368, wset=65556480, peak_paged_pool=1327400, paged_pool=913088, peak_nonpaged_pool=47616, nonpaged_pool=38776, pagefile=52133888, peak_pagefile=70434816, private=52133888)",StartMenuExperienceHost.exe,62.51953125
138,9104,"pmem(rss=2572288, vms=1708032, num_page_faults=2605, peak_wset=8269824, wset=2572288, peak_paged_pool=156224, paged_pool=138944, peak_nonpaged_pool=15824, nonpaged_pool=8144, pagefile=1708032, peak_pagefile=1708032, private=1708032)",conhost.exe,2.453125
139,9172,"pmem(rss=19824640, vms=8929280, num_page_faults=85821, peak_wset=33370112, wset=19824640, peak_paged_pool=307944, paged_pool=238792, peak_nonpaged_pool=24040, nonpaged_pool=19984, pagefile=8929280, peak_pagefile=11268096, private=8929280)",RuntimeBroker.exe,18.90625
140,9204,"pmem(rss=18321408, vms=8531968, num_page_faults=34687, peak_wset=29798400, wset=18321408, peak_paged_pool=239744, paged_pool=196624, peak_nonpaged_pool=26536, nonpaged_pool=22664, pagefile=8531968, peak_pagefile=12374016, private=8531968)",svchost.exe,17.47265625
141,9352,"pmem(rss=64995328, vms=46202880, num_page_faults=558111, peak_wset=93945856, wset=64995328, peak_paged_pool=630552, paged_pool=438888, peak_nonpaged_pool=42176, nonpaged_pool=36880, pagefile=46202880, peak_pagefile=74973184, private=46202880)",RuntimeBroker.exe,61.984375
142,9416,"pmem(rss=316354560, vms=360800256, num_page_faults=340396, peak_wset=524509184, wset=316354560, peak_paged_pool=1067920, paged_pool=1005384, peak_nonpaged_pool=303136, nonpaged_pool=231312, pagefile=360800256, peak_pagefile=471552000, private=360800256)",SearchApp.exe,301.69921875
143,9808,"pmem(rss=2469888, vms=2260992, num_page_faults=3194, peak_wset=8716288, wset=2469888, peak_paged_pool=132032, paged_pool=131456, peak_nonpaged_pool=10136, nonpaged_pool=9512, pagefile=2260992, peak_pagefile=2469888, private=2260992)",chrome.exe,2.35546875
144,9824,"pmem(rss=350965760, vms=311300096, num_page_faults=49372875, peak_wset=531185664, wset=350965760, peak_paged_pool=2888736, paged_pool=1458488, peak_nonpaged_pool=315640, nonpaged_pool=71728, pagefile=311300096, peak_pagefile=448503808, private=311300096)",chrome.exe,334.70703125
145,9924,"pmem(rss=14213120, vms=5181440, num_page_faults=93056, peak_wset=24760320, wset=14213120, peak_paged_pool=154704, paged_pool=119832, peak_nonpaged_pool=22856, nonpaged_pool=16288, pagefile=5181440, peak_pagefile=6012928, private=5181440)",svchost.exe,13.5546875
146,10328,"pmem(rss=111595520, vms=62242816, num_page_faults=65901, peak_wset=172998656, wset=111595520, peak_paged_pool=805384, paged_pool=740392, peak_nonpaged_pool=30848, nonpaged_pool=21464, pagefile=62242816, peak_pagefile=116973568, private=62242816)",chrome.exe,106.42578125
147,10340,"pmem(rss=44752896, vms=63078400, num_page_faults=114885, peak_wset=121761792, wset=44752896, peak_paged_pool=1286712, paged_pool=1024680, peak_nonpaged_pool=52448, nonpaged_pool=50624, pagefile=63078400, peak_pagefile=66293760, private=63078400)",SystemSettings.exe,42.6796875
148,10580,"pmem(rss=10616832, vms=8880128, num_page_faults=12933, peak_wset=27090944, wset=10616832, peak_paged_pool=273392, paged_pool=271512, peak_nonpaged_pool=25296, nonpaged_pool=24040, pagefile=8880128, peak_pagefile=9183232, private=8880128)",taskhostw.exe,10.125
149,10952,"pmem(rss=59199488, vms=45047808, num_page_faults=3873187, peak_wset=87461888, wset=59199488, peak_paged_pool=1140064, paged_pool=670368, peak_nonpaged_pool=2413296, nonpaged_pool=27128, pagefile=45047808, peak_pagefile=55717888, private=45047808)",chrome.exe,56.45703125
150,10992,"pmem(rss=10977280, vms=5939200, num_page_faults=17963, peak_wset=24051712, wset=10977280, peak_paged_pool=200608, paged_pool=195296, peak_nonpaged_pool=27832, nonpaged_pool=25656, pagefile=5939200, peak_pagefile=7245824, private=5939200)",svchost.exe,10.46875
151,11120,"pmem(rss=51757056, vms=80269312, num_page_faults=94544, peak_wset=153657344, wset=51757056, peak_paged_pool=1027920, paged_pool=1017336, peak_nonpaged_pool=94080, nonpaged_pool=90504, pagefile=80269312, peak_pagefile=82264064, private=80269312)",PhoneExperienceHost.exe,49.359375
152,11256,"pmem(rss=15568896, vms=9240576, num_page_faults=216778, peak_wset=34369536, wset=15568896, peak_paged_pool=167736, paged_pool=145000, peak_nonpaged_pool=573504, nonpaged_pool=20792, pagefile=9240576, peak_pagefile=22974464, private=9240576)",svchost.exe,14.84765625
153,11368,"pmem(rss=3100672, vms=6598656, num_page_faults=3735, peak_wset=11841536, wset=3100672, peak_paged_pool=96344, paged_pool=93624, peak_nonpaged_pool=15496, nonpaged_pool=14952, pagefile=6598656, peak_pagefile=6754304, private=6598656)",svchost.exe,2.95703125
154,11460,"pmem(rss=6664192, vms=5791744, num_page_faults=26314, peak_wset=19464192, wset=6664192, peak_paged_pool=310368, paged_pool=249816, peak_nonpaged_pool=30576, nonpaged_pool=29216, pagefile=5791744, peak_pagefile=6160384, private=5791744)",wfcrun32.exe,6.35546875
155,11848,"pmem(rss=15044608, vms=4653056, num_page_faults=153909, peak_wset=28598272, wset=15044608, peak_paged_pool=362976, paged_pool=210752, peak_nonpaged_pool=27176, nonpaged_pool=17128, pagefile=4653056, peak_pagefile=7352320, private=4653056)",RuntimeBroker.exe,14.34765625
156,11900,"pmem(rss=7098368, vms=4399104, num_page_faults=9807, peak_wset=15478784, wset=7098368, peak_paged_pool=158688, paged_pool=152448, peak_nonpaged_pool=35528, nonpaged_pool=17264, pagefile=4399104, peak_pagefile=6291456, private=4399104)",dllhost.exe,6.76953125
157,12024,"pmem(rss=4829184, vms=7942144, num_page_faults=14437, peak_wset=20086784, wset=4829184, peak_paged_pool=316904, paged_pool=250760, peak_nonpaged_pool=19824, nonpaged_pool=17952, pagefile=7942144, peak_pagefile=8077312, private=7942144)",RtkNGUI64.exe,4.60546875
158,12064,"pmem(rss=4079616, vms=2162688, num_page_faults=4444, peak_wset=11067392, wset=4079616, peak_paged_pool=159792, paged_pool=153648, peak_nonpaged_pool=10736, nonpaged_pool=10192, pagefile=2162688, peak_pagefile=2179072, private=2162688)",SecurityHealthSystray.exe,3.890625
159,12120,"pmem(rss=9633792, vms=4968448, num_page_faults=10584, peak_wset=16916480, wset=9633792, peak_paged_pool=164864, paged_pool=163328, peak_nonpaged_pool=17960, nonpaged_pool=17048, pagefile=4968448, peak_pagefile=5427200, private=4968448)",SecurityHealthService.exe,9.1875
160,12256,"pmem(rss=4648960, vms=3055616, num_page_faults=5303, peak_wset=17227776, wset=4648960, peak_paged_pool=317192, paged_pool=248456, peak_nonpaged_pool=17992, nonpaged_pool=17312, pagefile=3055616, peak_pagefile=3518464, private=3055616)",SystemPropertiesAdvanced.exe,4.43359375
161,12328,"pmem(rss=3391488, vms=2113536, num_page_faults=170477, peak_wset=10461184, wset=3391488, peak_paged_pool=453264, paged_pool=453072, peak_nonpaged_pool=20544, nonpaged_pool=11536, pagefile=2113536, peak_pagefile=2207744, private=2113536)",CMFNSS6.EXE,3.234375
162,12452,"pmem(rss=6000640, vms=8220672, num_page_faults=68829, peak_wset=23490560, wset=6000640, peak_paged_pool=640816, paged_pool=637992, peak_nonpaged_pool=20544, nonpaged_pool=17264, pagefile=8220672, peak_pagefile=8400896, private=8220672)",chrome.exe,5.72265625
163,12468,"pmem(rss=4464640, vms=2248704, num_page_faults=12994, peak_wset=10706944, wset=4464640, peak_paged_pool=127432, paged_pool=125752, peak_nonpaged_pool=11144, nonpaged_pool=10600, pagefile=2248704, peak_pagefile=2273280, private=2248704)",UserOOBEBroker.exe,4.2578125
164,12740,"pmem(rss=8589312, vms=1884160, num_page_faults=2218, peak_wset=8654848, wset=8589312, peak_paged_pool=143552, paged_pool=140008, peak_nonpaged_pool=9840, nonpaged_pool=8616, pagefile=1884160, peak_pagefile=2105344, private=1884160)",AppVShNotify.exe,8.19140625
165,13084,"pmem(rss=50872320, vms=65613824, num_page_faults=4476207, peak_wset=120377344, wset=50872320, peak_paged_pool=270096, paged_pool=262944, peak_nonpaged_pool=1534904, nonpaged_pool=34248, pagefile=65613824, peak_pagefile=124846080, private=65613824)",jetbrains-toolbox.exe,48.515625
166,13640,"pmem(rss=3989504, vms=3575808, num_page_faults=7114, peak_wset=22614016, wset=3989504, peak_paged_pool=422224, paged_pool=214360, peak_nonpaged_pool=24608, nonpaged_pool=21440, pagefile=3575808, peak_pagefile=4128768, private=3575808)",jusched.exe,3.8046875
167,13676,"pmem(rss=5353472, vms=10207232, num_page_faults=7829, peak_wset=26386432, wset=5353472, peak_paged_pool=287688, paged_pool=274256, peak_nonpaged_pool=29928, nonpaged_pool=26936, pagefile=10207232, peak_pagefile=10657792, private=10207232)",concentr.exe,5.10546875
168,13768,"pmem(rss=6553600, vms=7413760, num_page_faults=94385, peak_wset=11382784, wset=6553600, peak_paged_pool=36656, paged_pool=35232, peak_nonpaged_pool=8008, nonpaged_pool=7736, pagefile=7413760, peak_pagefile=7495680, private=7413760)",SgrmBroker.exe,6.25
169,13784,"pmem(rss=14745600, vms=12247040, num_page_faults=19417, peak_wset=43589632, wset=14745600, peak_paged_pool=580168, paged_pool=516520, peak_nonpaged_pool=3490976, nonpaged_pool=36696, pagefile=12247040, peak_pagefile=12914688, private=12247040)",jetbrains-toolbox-cef.exe,14.0625
170,13812,"pmem(rss=67190784, vms=47763456, num_page_faults=66147, peak_wset=95961088, wset=67190784, peak_paged_pool=1052824, paged_pool=957056, peak_nonpaged_pool=44416, nonpaged_pool=40200, pagefile=47763456, peak_pagefile=52420608, private=47763456)",ShellExperienceHost.exe,64.078125
171,13828,"pmem(rss=2293760, vms=2043904, num_page_faults=16684, peak_wset=8966144, wset=2293760, peak_paged_pool=102656, paged_pool=102384, peak_nonpaged_pool=9856, nonpaged_pool=9296, pagefile=2043904, peak_pagefile=2097152, private=2043904)",svchost.exe,2.1875
172,13956,"pmem(rss=27078656, vms=37851136, num_page_faults=998514, peak_wset=79904768, wset=27078656, peak_paged_pool=582448, paged_pool=561536, peak_nonpaged_pool=37560, nonpaged_pool=33912, pagefile=37851136, peak_pagefile=85696512, private=37851136)",jetbrains-toolbox-cef-helper.exe,25.82421875
173,14048,"pmem(rss=61104128, vms=58437632, num_page_faults=1769642, peak_wset=124805120, wset=61104128, peak_paged_pool=439432, paged_pool=431016, peak_nonpaged_pool=43136, nonpaged_pool=37384, pagefile=58437632, peak_pagefile=106086400, private=58437632)",jetbrains-toolbox-cef-helper.exe,58.2734375
174,14600,"pmem(rss=4870144, vms=1757184, num_page_faults=4412, peak_wset=9240576, wset=4870144, peak_paged_pool=109504, paged_pool=104280, peak_nonpaged_pool=11104, nonpaged_pool=8608, pagefile=1757184, peak_pagefile=2076672, private=1757184)",RuntimeBroker.exe,4.64453125
175,14632,"pmem(rss=5877760, vms=3047424, num_page_faults=9002, peak_wset=11739136, wset=5877760, peak_paged_pool=85040, paged_pool=83744, peak_nonpaged_pool=13632, nonpaged_pool=13272, pagefile=3047424, peak_pagefile=3301376, private=3047424)",svchost.exe,5.60546875
176,14692,"pmem(rss=19038208, vms=13352960, num_page_faults=1338937, peak_wset=45727744, wset=19038208, peak_paged_pool=356240, paged_pool=284816, peak_nonpaged_pool=44256, nonpaged_pool=39104, pagefile=13352960, peak_pagefile=23044096, private=13352960)",Receiver.exe,18.15625
177,14704,"pmem(rss=16949248, vms=22396928, num_page_faults=72557, peak_wset=85020672, wset=16949248, peak_paged_pool=501816, paged_pool=467152, peak_nonpaged_pool=33992, nonpaged_pool=30320, pagefile=22396928, peak_pagefile=46551040, private=22396928)",ApplicationFrameHost.exe,16.1640625
178,14736,"pmem(rss=187281408, vms=179056640, num_page_faults=47401513, peak_wset=574963712, wset=187281408, peak_paged_pool=3482336, paged_pool=2604824, peak_nonpaged_pool=377408, nonpaged_pool=80808, pagefile=179056640, peak_pagefile=522416128, private=179056640)",WinStore.App.exe,178.60546875
179,14948,"pmem(rss=6737920, vms=3305472, num_page_faults=2330866, peak_wset=13651968, wset=6737920, peak_paged_pool=127832, paged_pool=110608, peak_nonpaged_pool=14544, nonpaged_pool=11960, pagefile=3305472, peak_pagefile=3575808, private=3305472)",svchost.exe,6.42578125
180,15048,"pmem(rss=14336000, vms=5943296, num_page_faults=22210, peak_wset=25718784, wset=14336000, peak_paged_pool=178256, paged_pool=158248, peak_nonpaged_pool=17656, nonpaged_pool=13304, pagefile=5943296, peak_pagefile=7376896, private=5943296)",svchost.exe,13.671875
181,15208,"pmem(rss=2449408, vms=1794048, num_page_faults=3281, peak_wset=10797056, wset=2449408, peak_paged_pool=145968, paged_pool=144160, peak_nonpaged_pool=14264, nonpaged_pool=12496, pagefile=1794048, peak_pagefile=2256896, private=1794048)",redirector.exe,2.3359375
182,15288,"pmem(rss=11313152, vms=10641408, num_page_faults=20441, peak_wset=38330368, wset=11313152, peak_paged_pool=321328, paged_pool=286552, peak_nonpaged_pool=25664, nonpaged_pool=20576, pagefile=10641408, peak_pagefile=12087296, private=10641408)",RuntimeBroker.exe,10.7890625
183,15636,"pmem(rss=2564096, vms=2846720, num_page_faults=5399, peak_wset=7827456, wset=2564096, peak_paged_pool=56872, paged_pool=56016, peak_nonpaged_pool=8488, nonpaged_pool=7792, pagefile=2846720, peak_pagefile=2854912, private=2846720)",MpCopyAccelerator.exe,2.4453125
184,16084,"pmem(rss=6311936, vms=8073216, num_page_faults=650255, peak_wset=21811200, wset=6311936, peak_paged_pool=292464, paged_pool=229056, peak_nonpaged_pool=14576, nonpaged_pool=13720, pagefile=8073216, peak_pagefile=8249344, private=8073216)",conhost.exe,6.01953125
185,16156,"pmem(rss=872448, vms=41988096, num_page_faults=23306, peak_wset=86753280, wset=872448, peak_paged_pool=997672, paged_pool=968888, peak_nonpaged_pool=47856, nonpaged_pool=47448, pagefile=41988096, peak_pagefile=48275456, private=41988096)",CalculatorApp.exe,0.83203125
186,16248,"pmem(rss=1794048, vms=1437696, num_page_faults=2867, peak_wset=9375744, wset=1794048, peak_paged_pool=112152, paged_pool=97608, peak_nonpaged_pool=9784, nonpaged_pool=7200, pagefile=1437696, peak_pagefile=2105344, private=1437696)",RuntimeBroker.exe,1.7109375
187,16704,"pmem(rss=10825728, vms=3436544, num_page_faults=2989, peak_wset=10928128, wset=10825728, peak_paged_pool=95896, paged_pool=95552, peak_nonpaged_pool=21266, nonpaged_pool=16856, pagefile=3436544, peak_pagefile=3637248, private=3436544)",svchost.exe,10.32421875
188,16852,"pmem(rss=111476736, vms=59289600, num_page_faults=74283, peak_wset=170024960, wset=111476736, peak_paged_pool=689904, paged_pool=627880, peak_nonpaged_pool=29632, nonpaged_pool=20848, pagefile=59289600, peak_pagefile=115814400, private=59289600)",chrome.exe,106.3125
189,17084,"pmem(rss=176943104, vms=125521920, num_page_faults=7082012, peak_wset=511803392, wset=176943104, peak_paged_pool=739216, paged_pool=644368, peak_nonpaged_pool=29608, nonpaged_pool=21528, pagefile=125521920, peak_pagefile=453513216, private=125521920)",chrome.exe,168.74609375
190,17652,"pmem(rss=14491648, vms=10698752, num_page_faults=176929, peak_wset=40058880, wset=14491648, peak_paged_pool=453784, paged_pool=359016, peak_nonpaged_pool=33704, nonpaged_pool=28808, pagefile=10698752, peak_pagefile=14700544, private=10698752)",notepad.exe,13.8203125
191,17820,"pmem(rss=3022848, vms=1982464, num_page_faults=3005, peak_wset=10543104, wset=3022848, peak_paged_pool=143856, paged_pool=142096, peak_nonpaged_pool=10056, nonpaged_pool=9376, pagefile=1982464, peak_pagefile=2863104, private=1982464)",svchost.exe,2.8828125
192,18628,"pmem(rss=12447744, vms=4059136, num_page_faults=3546, peak_wset=12660736, wset=12447744, peak_paged_pool=81312, paged_pool=80888, peak_nonpaged_pool=10600, nonpaged_pool=9648, pagefile=4059136, peak_pagefile=4280320, private=4059136)",svchost.exe,11.87109375
193,18756,"pmem(rss=65622016, vms=29552640, num_page_faults=64176, peak_wset=100360192, wset=65622016, peak_paged_pool=575784, paged_pool=568352, peak_nonpaged_pool=19368, nonpaged_pool=16728, pagefile=29552640, peak_pagefile=77979648, private=29552640)",chrome.exe,62.58203125
194,18772,"pmem(rss=5951488, vms=5292032, num_page_faults=9633, peak_wset=22470656, wset=5951488, peak_paged_pool=239320, paged_pool=238528, peak_nonpaged_pool=31336, nonpaged_pool=27544, pagefile=5292032, peak_pagefile=5750784, private=5292032)",AuthManSvr.exe,5.67578125
195,19412,"pmem(rss=82227200, vms=30375936, num_page_faults=1056934, peak_wset=118124544, wset=82227200, peak_paged_pool=661664, paged_pool=607536, peak_nonpaged_pool=28200, nonpaged_pool=17992, pagefile=30375936, peak_pagefile=83460096, private=30375936)",chrome.exe,78.41796875
196,19532,"pmem(rss=1786953728, vms=2329526272, num_page_faults=3480338, peak_wset=2961285120, wset=1786953728, peak_paged_pool=4440584, paged_pool=3822144, peak_nonpaged_pool=3029760, nonpaged_pool=532776, pagefile=2329526272, peak_pagefile=2382577664, private=2329526272)",pycharm64.exe,1704.171875
197,20148,"pmem(rss=53673984, vms=276545536, num_page_faults=13454, peak_wset=53678080, wset=53673984, peak_paged_pool=262472, paged_pool=262472, peak_nonpaged_pool=41728, nonpaged_pool=41728, pagefile=276545536, peak_pagefile=276545536, private=276545536)",python.exe,51.1875
198,20236,"pmem(rss=10117120, vms=3424256, num_page_faults=2923, peak_wset=10199040, wset=10117120, peak_paged_pool=84640, paged_pool=84128, peak_nonpaged_pool=25688, nonpaged_pool=21400, pagefile=3424256, peak_pagefile=3719168, private=3424256)",svchost.exe,9.6484375
199,20516,"pmem(rss=8171520, vms=2490368, num_page_faults=2501, peak_wset=8286208, wset=8171520, peak_paged_pool=68336, paged_pool=68144, peak_nonpaged_pool=131656, nonpaged_pool=48712, pagefile=2490368, peak_pagefile=2646016, private=2490368)",svchost.exe,7.79296875
200,20604,"pmem(rss=671744, vms=6500352, num_page_faults=3161, peak_wset=12361728, wset=671744, peak_paged_pool=121768, paged_pool=121248, peak_nonpaged_pool=7464, nonpaged_pool=7192, pagefile=6500352, peak_pagefile=6569984, private=6500352)",conhost.exe,0.640625
201,21016,"pmem(rss=1961984, vms=2334720, num_page_faults=3511, peak_wset=13762560, wset=1961984, peak_paged_pool=148496, paged_pool=148096, peak_nonpaged_pool=10192, nonpaged_pool=9784, pagefile=2334720, peak_pagefile=2375680, private=2334720)",SystemSettingsBroker.exe,1.87109375
202,21052,"pmem(rss=66547712, vms=29335552, num_page_faults=23041, peak_wset=73625600, wset=66547712, peak_paged_pool=656984, paged_pool=627568, peak_nonpaged_pool=21872, nonpaged_pool=18264, pagefile=29335552, peak_pagefile=35155968, private=29335552)",chrome.exe,63.46484375
203,21680,"pmem(rss=27635712, vms=11304960, num_page_faults=82671, peak_wset=42045440, wset=27635712, peak_paged_pool=368112, paged_pool=285584, peak_nonpaged_pool=29576, nonpaged_pool=23432, pagefile=11304960, peak_pagefile=13611008, private=11304960)",RuntimeBroker.exe,26.35546875
204,22188,"pmem(rss=39964672, vms=25657344, num_page_faults=27445, peak_wset=60624896, wset=39964672, peak_paged_pool=599008, paged_pool=569584, peak_nonpaged_pool=32344, nonpaged_pool=29848, pagefile=25657344, peak_pagefile=26226688, private=25657344)",LockApp.exe,38.11328125
205,22484,"pmem(rss=55169024, vms=65089536, num_page_faults=68656, peak_wset=95100928, wset=55169024, peak_paged_pool=522824, paged_pool=477976, peak_nonpaged_pool=38712, nonpaged_pool=30152, pagefile=65089536, peak_pagefile=79052800, private=65089536)",powershell.exe,52.61328125
206,22520,"pmem(rss=27701248, vms=20344832, num_page_faults=28892, peak_wset=34459648, wset=27701248, peak_paged_pool=210456, paged_pool=189216, peak_nonpaged_pool=43220, nonpaged_pool=31984, pagefile=20344832, peak_pagefile=20705280, private=20344832)",TeamViewer_Service.exe,26.41796875
207,22600,"pmem(rss=6221824, vms=1474560, num_page_faults=1593, peak_wset=6225920, wset=6221824, peak_paged_pool=58728, paged_pool=58728, peak_nonpaged_pool=7864, nonpaged_pool=7728, pagefile=1474560, peak_pagefile=1527808, private=1474560)",svchost.exe,5.93359375
208,23008,"pmem(rss=117596160, vms=68907008, num_page_faults=63865, peak_wset=148635648, wset=117596160, peak_paged_pool=843536, paged_pool=591120, peak_nonpaged_pool=32016, nonpaged_pool=19760, pagefile=68907008, peak_pagefile=104980480, private=68907008)",chrome.exe,112.1484375
209,23312,"pmem(rss=99454976, vms=51318784, num_page_faults=88564, peak_wset=131854336, wset=99454976, peak_paged_pool=682152, paged_pool=622616, peak_nonpaged_pool=27648, nonpaged_pool=18128, pagefile=51318784, peak_pagefile=88924160, private=51318784)",chrome.exe,94.84765625
210,23420,"pmem(rss=63315968, vms=23982080, num_page_faults=23134, peak_wset=66478080, wset=63315968, peak_paged_pool=619064, paged_pool=597832, peak_nonpaged_pool=21768, nonpaged_pool=17448, pagefile=23982080, peak_pagefile=26501120, private=23982080)",chrome.exe,60.3828125
211,23672,"pmem(rss=31580160, vms=20037632, num_page_faults=245618, peak_wset=65085440, wset=31580160, peak_paged_pool=232408, paged_pool=182456, peak_nonpaged_pool=24968, nonpaged_pool=20504, pagefile=20037632, peak_pagefile=53727232, private=20037632)",MoUsoCoreWorker.exe,30.1171875
212,23824,"pmem(rss=76226560, vms=42590208, num_page_faults=89816, peak_wset=95334400, wset=76226560, peak_paged_pool=422736, paged_pool=406280, peak_nonpaged_pool=34304, nonpaged_pool=30320, pagefile=42590208, peak_pagefile=71639040, private=42590208)",OfficeClickToRun.exe,72.6953125
213,24468,"pmem(rss=450560, vms=675840, num_page_faults=1078, peak_wset=3862528, wset=450560, peak_paged_pool=61272, paged_pool=38744, peak_nonpaged_pool=12544, nonpaged_pool=3800, pagefile=675840, peak_pagefile=716800, private=675840)",fsnotifier.exe,0.4296875
214,24732,"pmem(rss=15290368, vms=7876608, num_page_faults=29230, peak_wset=34967552, wset=15290368, peak_paged_pool=376760, paged_pool=357064, peak_nonpaged_pool=30784, nonpaged_pool=24480, pagefile=7876608, peak_pagefile=8568832, private=7876608)",SystemSettingsBroker.exe,14.58203125
215,24876,"pmem(rss=21536768, vms=9928704, num_page_faults=23590, peak_wset=32944128, wset=21536768, peak_paged_pool=296784, paged_pool=295024, peak_nonpaged_pool=32760, nonpaged_pool=28232, pagefile=9928704, peak_pagefile=10788864, private=9928704)",SDXHelper.exe,20.5390625
216,25768,"pmem(rss=52584448, vms=278757376, num_page_faults=14297, peak_wset=52621312, wset=52584448, peak_paged_pool=249400, paged_pool=249176, peak_nonpaged_pool=22680, nonpaged_pool=22144, pagefile=278757376, peak_pagefile=278855680, private=278757376)",python.exe,50.1484375
217,26076,"pmem(rss=61308928, vms=48054272, num_page_faults=183357, peak_wset=70504448, wset=61308928, peak_paged_pool=262864, paged_pool=259568, peak_nonpaged_pool=111440, nonpaged_pool=76400, pagefile=48054272, peak_pagefile=59744256, private=48054272)",SearchIndexer.exe,58.46875
218,26376,"pmem(rss=151474176, vms=596332544, num_page_faults=57618, peak_wset=151568384, wset=151474176, peak_paged_pool=578912, paged_pool=570944, peak_nonpaged_pool=109932, nonpaged_pool=80984, pagefile=596332544, peak_pagefile=596492288, private=596332544)",python.exe,144.45703125
219,26520,"pmem(rss=7774208, vms=1613824, num_page_faults=2000, peak_wset=7778304, wset=7774208, peak_paged_pool=71736, paged_pool=69824, peak_nonpaged_pool=9568, nonpaged_pool=8880, pagefile=1613824, peak_pagefile=1859584, private=1613824)",svchost.exe,7.4140625
220,27112,"pmem(rss=6991872, vms=1212416, num_page_faults=1850, peak_wset=7098368, wset=6991872, peak_paged_pool=109904, paged_pool=107200, peak_nonpaged_pool=9976, nonpaged_pool=8760, pagefile=1212416, peak_pagefile=1503232, private=1212416)",TvUpdateInfo.exe,6.66796875
221,27312,"pmem(rss=37703680, vms=23576576, num_page_faults=65888, peak_wset=75550720, wset=37703680, peak_paged_pool=680616, paged_pool=603080, peak_nonpaged_pool=47520, nonpaged_pool=43672, pagefile=23576576, peak_pagefile=23711744, private=23576576)",OneDrive.exe,35.95703125
222,27384,"pmem(rss=48693248, vms=70352896, num_page_faults=123086, peak_wset=79167488, wset=48693248, peak_paged_pool=856328, paged_pool=849768, peak_nonpaged_pool=50504, nonpaged_pool=49960, pagefile=70352896, peak_pagefile=71004160, private=70352896)",Microsoft.Photos.exe,46.4375
223,28060,"pmem(rss=76795904, vms=32436224, num_page_faults=38804, peak_wset=87707648, wset=76795904, peak_paged_pool=651336, paged_pool=638160, peak_nonpaged_pool=24448, nonpaged_pool=18064, pagefile=32436224, peak_pagefile=41562112, private=32436224)",chrome.exe,73.23828125
224,28132,"pmem(rss=16302080, vms=3035136, num_page_faults=5939, peak_wset=16621568, wset=16302080, peak_paged_pool=150760, paged_pool=150680, peak_nonpaged_pool=15168, nonpaged_pool=14544, pagefile=3035136, peak_pagefile=3350528, private=3035136)",SearchProtocolHost.exe,15.546875
225,28344,"pmem(rss=28008448, vms=12226560, num_page_faults=281261, peak_wset=38416384, wset=28008448, peak_paged_pool=326872, paged_pool=306760, peak_nonpaged_pool=24568, nonpaged_pool=18944, pagefile=12226560, peak_pagefile=13676544, private=12226560)",RuntimeBroker.exe,26.7109375
226,28900,"pmem(rss=10514432, vms=2424832, num_page_faults=3480, peak_wset=10928128, wset=10514432, peak_paged_pool=117376, paged_pool=117328, peak_nonpaged_pool=10320, nonpaged_pool=10184, pagefile=2424832, peak_pagefile=3092480, private=2424832)",SearchFilterHost.exe,10.02734375
227,29272,"pmem(rss=11628544, vms=6512640, num_page_faults=2945, peak_wset=11665408, wset=11628544, peak_paged_pool=136448, paged_pool=122400, peak_nonpaged_pool=8184, nonpaged_pool=7464, pagefile=6512640, peak_pagefile=6582272, private=6512640)",conhost.exe,11.08984375
228,29536,"pmem(rss=20856832, vms=6512640, num_page_faults=16910, peak_wset=28917760, wset=20856832, peak_paged_pool=327424, paged_pool=301600, peak_nonpaged_pool=27112, nonpaged_pool=20368, pagefile=6512640, peak_pagefile=15605760, private=6512640)",WindowsPackageManagerServer.exe,19.890625
229,29624,"pmem(rss=16699392, vms=4272128, num_page_faults=4687, peak_wset=16896000, wset=16699392, peak_paged_pool=141888, paged_pool=135864, peak_nonpaged_pool=19464, nonpaged_pool=16952, pagefile=4272128, peak_pagefile=4820992, private=4272128)",svchost.exe,15.92578125
230,31364,"pmem(rss=2453504, vms=2236416, num_page_faults=3753, peak_wset=11407360, wset=2453504, peak_paged_pool=116344, paged_pool=110248, peak_nonpaged_pool=13976, nonpaged_pool=13976, pagefile=2236416, peak_pagefile=2240512, private=2236416)",MicrosoftEdgeUpdate.exe,2.33984375
231,31412,"pmem(rss=2273280, vms=2740224, num_page_faults=4079, peak_wset=12468224, wset=2273280, peak_paged_pool=134784, paged_pool=128512, peak_nonpaged_pool=16152, nonpaged_pool=15336, pagefile=2740224, peak_pagefile=2953216, private=2740224)",GoogleUpdate.exe,2.16796875
232,31476,"pmem(rss=10289152, vms=2781184, num_page_faults=2830, peak_wset=10944512, wset=10289152, peak_paged_pool=83464, paged_pool=79632, peak_nonpaged_pool=19224, nonpaged_pool=11008, pagefile=2781184, peak_pagefile=5869568, private=2781184)",WmiPrvSE.exe,9.8125
233,32088,"pmem(rss=3026944, vms=598016, num_page_faults=775, peak_wset=3031040, wset=3026944, peak_paged_pool=24432, paged_pool=24256, peak_nonpaged_pool=4648, nonpaged_pool=4208, pagefile=598016, peak_pagefile=598016, private=598016)",challenge-4.exe,2.88671875
234,32252,"pmem(rss=9007104, vms=2641920, num_page_faults=2302, peak_wset=9064448, wset=9007104, peak_paged_pool=128256, paged_pool=125656, peak_nonpaged_pool=9784, nonpaged_pool=9104, pagefile=2641920, peak_pagefile=2760704, private=2641920)",smartscreen.exe,8.58984375
235,32384,"pmem(rss=29622272, vms=14368768, num_page_faults=8420, peak_wset=29818880, wset=29622272, peak_paged_pool=642512, paged_pool=634104, peak_nonpaged_pool=15888, nonpaged_pool=15344, pagefile=14368768, peak_pagefile=14663680, private=14368768)",chrome.exe,28.25
236,32716,"pmem(rss=7766016, vms=1802240, num_page_faults=1992, peak_wset=7794688, wset=7766016, peak_paged_pool=72480, paged_pool=72160, peak_nonpaged_pool=9440, nonpaged_pool=9032, pagefile=1802240, peak_pagefile=1937408, private=1802240)",svchost.exe,7.40625
